Cost_Center,Coupa_CC
YW00100010,CCX-HQ SHARED COST/REVEN::YW00100010
YW00101010,CCX-ACCOUNTING & FINANCE::YW00101010
YW00102010,CCX-CORP Sec & Risk Mgmt::YW00102010
YW00103010,CCX-HEADQUARTER::YW00103010
YW00103110,CCX-CORPORATE PLNG & ADM::YW00103110
YW00104010,CCX-Human Resources::YW00104010
YW00104110,CCX-ENV HEALTH & SAFETY::YW00104110
YW00104210,CCX-Gov't Relations::YW00104210
YW00105010,CCX-LEGAL & CONTRACTS::YW00105010
YW00106010,CCX-INFO TECHNOLOGY::YW00106010
YW00107010,CCX-INTERNAL AUDIT::YW00107010
YW00108010,CCX-HQ Facility Bldg 400::YW00108010
YW00109010,CCX-VSIP 2014::YW00109010
YW00111010,CCX-ENGINEERING MGMT::YW00111010
YW00111030,CCX-NGS Supply Chain::YW00111030
YW00111110,CCX-PLANT ENGINEERING::YW00111110
YW00111210,CCX-APPLICATION ENG::YW00111210
YW00111510,CCX-GT ENGINEERING::YW00111510
YW00111910,CCX-QA MGT & INNOV ENG::YW00111910
UA00007,CCX-Supplier / PMD CAN::UA00007
UA00008,CCX-Supplier Control IA::UA00008
YW00112210,CCX-PROJECT QUALITY CONT::YW00112210
YW00112310,CCX-LOGISTICS & MATERIAL::YW00112310
YW00112410,CCX-PROJECT ESTIMATION::YW00112410
YW00112510,CCX-Inst & Start-Up Eng::YW00112510
UA01003,CCX-Marketing::UA01003
YW00112710,CCX-PROJECT CONTROLLING::YW00112710
YW00112810,CCX-PROCESS & PROJECT EN::YW00112810
YW00113010,CCX-SCR::YW00113010
YW00113030,CCX-Constructability Opt::YW00113030
YW00113110,CCX-FGD (ADVATECH)::YW00113110
YW00114010,CCX-GLOBAL SOURCING::YW00114010
YW00114110,CCX-LMC - RAILCAR::YW00114110
YW00115010,CCX-QUALITY ASSURANCE::YW00115010
YW00115011,CCX-QA –Transfer Only::YW00115011
YW00115110,CCX-PESB::YW00115110
YW00116010,CCX-International Procur::YW00116010
YW00121010,CCX-NEW EQUIP SALE & MKT::YW00121010
YW00121110,CCX-COMMERCIAL OPERATION::YW00121110
YW00121210,CCX-Product Management::YW00121210
YW00121310,CCX-SALES-Central Region::YW00121310
YW00121410,CCX-SALES - West Region::YW00121410
YW00121510,CCX-SALES - East Region::YW00121510
YW00121610,CCX-SALES-South Latin Am::YW00121610
YW00121710,CCX-Business Development::YW00121710
YW00122010,CCX-MHPSA Marketing::YW00122010
YW00123010,CCX-Market Analysis::YW00123010
YW00124010,CCX-MK Communications::YW00124010
YW00125010,CCX-Market Strategy::YW00125010
YW00191010,CCX-SAP IMPLEMENTATION::YW00191010
YW00192010,CCX-HECA IGCC PROJECT::YW00192010
YW00193010,CCX-LATAM Southern Cone::YW00193010
YW00193210,CCX-EMP LEASING PWPS::YW00193210
YW00193310,CCX-Strategic Ventures::YW00193310
YW00193410,CCX-Sales Southeast::YW00193410
YW00194110,CCX-WT (MHI-WT) COMMON::YW00194110
YW00194210,CCX-WT Business (MHI-WT)::YW00194210
YW001E0210,CCX-New Energy S&P Elim::YW001E0210
YW001E0410,CCX-New Energy NAM Elims::YW001E0410
YW001E0710,CCX-New Energy PGS Elim::YW001E0710
YW001X0110,CCX-New Unit-GT::YW001X0110
YW001X0210,CCX-New Unit-ST Large::YW001X0210
YW001X0310,CCX-New Unit-ST Small::YW001X0310
YW001X0410,CCX-New Energy-GT::YW001X0410
YW00200110,CCX-PRESIDENTIAL STAFF::YW00200110
YW00200210,CCX-ACCOUNTING::YW00200210
YW00200310,CCX-HUMAN RESOURCES::YW00200310
YW00200410,CCX-SALES SUPPORT::YW00200410
YW00200510,CCX-FACILITIES::YW00200510
YW00200610,CCX-SOURCING::YW00200610
YW00200710,CCX-TRANSPORTATION::YW00200710
YW00200810,CCX-LOGISTICS::YW00200810
YW00200910,CCX-PRODUCTION CONTROL::YW00200910
YW00201010,CCX-QUALITY::YW00201010
YW00201110,CCX-INFO TECHNOLOGY::YW00201110
YW00201210,CCX-GT SERVICE ENG::YW00201210
YW00201310,CCX-STEAM DESIGN::YW00201310
YW00201410,CCX-SALES-LATIN AMERICA::YW00201410
YW00201430,CCX-REPAIRS - INDIRECT::YW00201430
YW00201530,CCX-REPAIR-DIRECT::YW00201530
YW00201630,CCX-SHOP-SHARED RESOURCE::YW00201630
YW00201730,CCX-MAINTENANCE::YW00201730
YW00201810,CCX-GAS PARTS::YW00201810
YW00201910,CCX-STEAM ENG SVC::YW00201910
YW00202030,CCX-GAS FLD SVC - IN::YW00202030
YW00202130,CCX-GAS FLD SVC - DIR::YW00202130
YW00202230,CCX-STEAM FLD SVC - IN::YW00202230
YW00202330,CCX-STEAM FLD SVC - DIR::YW00202330
YW00202410,CCX-LTSA - PROGRAMS::YW00202410
YW00202430,CCX-HOUSTON FIELD SRVC::YW00202430
YW00202510,CCX-LTSA - RMC::YW00202510
YW00202610,CCX-LTSA SALES::YW00202610
YW00202611,CCX-LTSA SALES::YW00202611
YW00202730,CCX-OMC - Indirect::YW00202730
YW00202810,CCX-BUSINESS EXCELLENCE::YW00202810
YW00202830,CCX-OMC - BLADE MFG::YW00202830
YW00202930,CCX-OMC - BLADE MFG-C1L::YW00202930
YW00203130,CCX-OMC - BLADE MFG-C2L::YW00203130
YW00203330,CCX-OMC - BLADE MFG-C3L::YW00203330
YW00203530,CCX-OMC - BLADE MFG-C0L::YW00203530
YW00203730,CCX-OMC - VANE MFG::YW00203730
YW00203830,CCX-OMC - VANE MFG-C1L::YW00203830
YW00204030,CCX-OMC - VANE MFG-C2L::YW00204030
YW00204230,CCX-OMC - VANE MFG-C3L::YW00204230
YW00204430,CCX-OMC - VANE MFG-C4L::YW00204430
YW00204630,CCX-OMC - VANE MFG-C5L::YW00204630
YW00204830,CCX-OMC - VANE MFG-C0L::YW00204830
YW00205030,CCX-OMC - Direct::YW00205030
YW00205130,CCX-OMC - SHARED RESOURC::YW00205130
YW00205330,CCX-OMC - MACHINED BLADE::YW00205330
YW00205510,CCX-MANAGED MFG::YW00205510
YW00206010,CCX-GENERAL & ADMIN::YW00206010
YW00206110,CCX-SUPPLY CHAIN MGMT::YW00206110
YW00206210,CCX-ORDER FULFILMENT::YW00206210
YW002E0110,CCX-LTSA S&P Elim::YW002E0110
YW002E0310,CCX-LTSA NAM Elimins::YW002E0310
YW002E0510,CCX-OMC NAM Elim::YW002E0510
YW002E0810,CCX-OMC PGS Elim::YW002E0810
YW00700030,CCX-SMW Cont Improvement::YW00700030
YW00700110,CCX-SMW ADMIN::YW00700110
YW00700130,CCX-DMP::YW00700130
YW00700210,CCX-SMW ACCOUNTING::YW00700210
YW00700230,CCX-SMW EHS::YW00700230
YW00700310,CCX-SMW HUMAN RESOURCES::YW00700310
YW00700410,CCX-Business Process Mgt::YW00700410
YW00700510,CCX-SMW FACILITIES::YW00700510
YW00700610,CCX-SMW SOURCING::YW00700610
YW00700710,CCX-SMW QUALITY::YW00700710
YW00700810,CCX-SMW INFO TECHNOLOGY::YW00700810
YW00700910,CCX-SMW Bay 3-5 Manageme::YW00700910
YW00701310,CCX-SMW Project Manageme::YW00701310
YW00710010,CCX-SMW ADVANCED MFG::YW00710010
YW00710030,CCX-COMBUSTION MFG::YW00710030
YW00711010,CCX-SMW GT ENG::YW00711010
YW00712010,CCX-SMW ST Eng::YW00712010
YW00715030,CCX-COMBUSTION PROD::YW00715030
YW00715130,CCX-COMBUSTION FORMING::YW00715130
YW00715230,CCX-COMBUSTION MACHINING::YW00715230
YW00715330,CCX-COMBUSTION COAT/BLND::YW00715330
YW00715430,CCX-COMBUSTION INSPECT::YW00715430
YW00720010,CCX-SMW LOGISTICS::YW00720010
YW00730030,CCX-SHOP REPAIR/UPGRADE::YW00730030
YW00730130,CCX-Bay 2 In-House Repai::YW00730130
YW00735030,CCX-GENERATOR::YW00735030
YW00746030,CCX-TGR::YW00746030
YW00770030,CCX-GT ASSEMBLY::YW00770030
YW00771030,CCX-DISC MFG::YW00771030
YW00780030,CCX-BALANCE BUNKER OPER::YW00780030
YW007E0610,CCX-SMW Comb NAM Elims::YW007E0610
YW007E0910,CCX-SMW Comb PGS Elim::YW007E0910
YW007E1010,CCX-SMW Rotor PGS Elim::YW007E1010
YW007E1110,CCX-SMW Turbine PGS Elim::YW007E1110
YW00840110,CCX-SFES Exe/Adm/Overhd::YW00840110
YW00840210,CCX-SFES Commercial::YW00840210
YW00840710,CCX-SFES Cost Estimating::YW00840710
YW00840830,CCX-SFES Procurement::YW00840830
YW00840910,CCX-SFES QA/QC::YW00840910
YW00841030,CCX-SFES Operations::YW00841030
YW00841230,CCX-SFES Engineering::YW00841230
YW00841310,CCX-SFES Sales & Marketg::YW00841310
YW00842130,CCX-SFES Constrctn Serv::YW00842130
YW00843130,CCX-SFES Boiler Tech::YW00843130
YW00843230,CCX-SFES Hydro::YW00843230
YW00843330,CCX-SFES After Market::YW00843330
YW00843430,CCX-SFES Spare Parts::YW00843430
YW00843530,CCX-SFES AQCS::YW00843530
YW00843630,CCX-SFES SCR::YW00843630
YW00ELIM10,CCX-MHPS Eliminations::YW00ELIM10
XQ01100,CCX-QQD GIF::XQ01100
XQ01110,CCX-HQ dummy::XQ01110
XQ01111,CCX-HQ GENERAL::XQ01111
XQ01112,CCX-HQ PRESIDENT::XQ01112
XQ01113,CCX-HQ CA::XQ01113
XQ01114,CCX-HQ HR::XQ01114
XQ01115,CCX-HQ IT::XQ01115
XQ01116,CCX-HQ I&I SEVP::XQ01116
XQ01117,CCX-HQ LEGAL::XQ01117
XQ01118,CCX-HQ ACCT::XQ01118
UA04019,CCX-ENG Canada::UA04019
XQ01121,CCX-HQ CORPORATE JET::XQ01121
XQ01122,CCX-HQ CORP JET OP COST::XQ01122
XQ01126,CCX-HQ(DC) GR ACTIVITIES::XQ01126
XQ01127,CCX-HQ Chairperson::XQ01127
XQ01131,CCX-HQ GEN.SERVICE TO MH::XQ01131
XQ01132,CCX-HQ Non-Allocable::XQ01132
XQ01133,CCX-GROUP INFRA FEE::XQ01133
XQ01151,CCX-HQ Cash Pooling Serv::XQ01151
XQ01152,CCX-Service to MCP-A::XQ01152
XQ01155,CCX-Service to MSSA::XQ01155
XQ01161,CCX-HQ MHI IP Personnel::XQ01161
XQ01170,CCX-ITAR　EMPOWERED OFFIC::XQ01170
XQ01171,CCX-HQ IT (Data Center)::XQ01171
XQ01172,CCX-HQ IT (Mr. Park)::XQ01172
XQ01173,CCX-HQ IT to MNES::XQ01173
XQ01174,CCX-HQ IT to MITACA::XQ01174
UA04022,CCX-Engineering - NY::UA04022
XQ01176,CCX-HQ COMPLIANCE - MSSA::XQ01176
XQ01181,CCX-HQ Aero Q&A::XQ01181
XQ01190,CCX-HQ SALES SUPPORT::XQ01190
XQ01191,CCX-HQ PURCHASING::XQ01191
XQ01192,CCX-HQ Purchasing(Temp)::XQ01192
XQ01193,CCX-HQ PURCHASING (CMS)::XQ01193
XQ01194,CCX-HQ(HU) PURCHASING::XQ01194
XQ01195,CCX-HQ PURCHASING(Expat)::XQ01195
XQ01196,CCX-HQ PURCH (MCO-I)::XQ01196
XQ01197,CCX-HQ PURCHASING (Branc::XQ01197
XQ01211,CCX-F&A FSD General::XQ01211
XQ01212,CCX-Treasury Office::XQ01212
XQ01400,CCX-Power Systems GIF::XQ01400
XQ01411,CCX-WOBURN GENERAL::XQ01411
XQ01412,CCX-Woburn Engrs_Expats::XQ01412
XQ01413,CCX-Woburn Engrs_Local::XQ01413
XQ01414,CCX-Woburn TurboVision::XQ01414
XQ01415,CCX-Woburn Administratio::XQ01415
XQ01419,CCX-Woburn Start-up::XQ01419
XQ02211,CCX-HA GENERAL::XQ02211
XQ02212,CCX-EH GENERAL::XQ02212
XQ02281,CCX-PW1100G(2) Eng. Serv::XQ02281
XQ02282,CCX-HA Business Eng.::XQ02282
XQ02291,CCX-HA PURCHASING::XQ02291
XQ02292,CCX-HA PW4000::XQ02292
XQ02293,CCX-HA Sourcing Engineer::XQ02293
XQ02294,CCX-HA-EAST PURCHASING::XQ02294
XQ02295,CCX-HA Quality Engineer::XQ02295
XQ02296,CCX-HA Next S-A-E::XQ02296
XQ02297,CCX-HA Engineering::XQ02297
XQ02298,CCX-HA IAE Project::XQ02298
XQ02299,CCX-PW1100G Eng. Service::XQ02299
XQ02311,CCX-BO GENERAL::XQ02311
XQ02511,CCX-LA GENERAL(Suite340)::XQ02511
XQ02512,CCX-LA GENERAL(both)::XQ02512
XQ02531,CCX-LA PURCHASING::XQ02531
XQ02532,CCX-LA Aero Q&A::XQ02532
XQ02533,CCX-LA Aero OP::XQ02533
XQ02534,CCX-LA Aero 787::XQ02534
XQ02535,CCX-LA Aero Engine::XQ02535
XQ03100,CCX-CMD GIF::XQ03100
XQ03110,CCX-CMD INDIRECT::XQ03110
XQ03111,CCX-CMD ADMINISTRATIVE::XQ03111
XQ03112,CCX-CMD FIELD SERVICE::XQ03112
XQ03113,CCX-CMD Assembly::XQ03113
XQ03114,CCX-CMD Rolls & Rebuild::XQ03114
XQ03115,CCX-CMD PARTS::XQ03115
XQ03116,CCX-CMD EQUIPMENT::XQ03116
XQ03117,CCX-CMD Mexico::XQ03117
XQ03118,CCX-CMD Sales::XQ03118
XQ03131,CCX-MLP ADMINISTRATIVE::XQ03131
XQ03132,CCX-MLP FIELD SERVICE::XQ03132
XQ03133,CCX-MLP EQUIPMENT::XQ03133
XQ03134,CCX-MLP Machine Shop::XQ03134
XQ03135,CCX-MLP PARTS::XQ03135
XQ03411,CCX-AL General::XQ03411
XQ03511,CCX-KS GENERAL::XQ03511
XQ03611,CCX-ML GENERAL::XQ03611
XQ03711,CCX-CORMETECH GENERAL::XQ03711
XQ03811,CCX-Marine Machinery::XQ03811
XQ03911,CCX-BO-CAMBRIDGE GENERAL::XQ03911
XQ03912,CCX-BO-CAMBRIDGE OIL&GAS::XQ03912
XQ03913,CCX-BO-CAMBRIDGE CES PJ::XQ03913
XQ03914,CCX-CO2 Business Develop::XQ03914
XQ03921,CCX-HOUSTON GENERAL::XQ03921
XQ03931,CCX-SILICON VALLEY GEN.::XQ03931
XQ04211,CCX-PWPS GENERAL::XQ04211
XQ04310,CCX-PMD  INDIRECT EXP.::XQ04310
XQ04311,CCX-PMD GENERAL::XQ04311
XQ04331,CCX-PMD SERVICE TO MHI::XQ04331
XQ04500,CCX-TMD GIF::XQ04500
XQ04510,CCX-TRD INDIRECT EXP.::XQ04510
XQ04511,CCX-TRD GENERAL::XQ04511
XQ04512,CCX-TRD PLANT::XQ04512
XQ04531,CCX-TRD SERVICE TO JAPAN::XQ04531
XQ04532,CCX-TRD SERVICE::XQ04532
XQ04631,CCX-MHU MMD-PJ::XQ04631
XQ04632,CCX-MHU GENERAL::XQ04632
XQ04633,CCX-GFG GENERAL::XQ04633
XQ04657,CCX-YTI GENERAL::XQ04657
XQ04811,CCX-TU General::XQ04811
XQ04812,CCX-TU SM-3 Block IIA::XQ04812
XQ04813,CCX-TU SM-3 Block IIA::XQ04813
XQ04814,CCX-TU SM-3 BlockⅡA HAFD::XQ04814
XQ04911,CCX-NA GENERAL::XQ04911
XQ05011,CCX-SERVICE TO MCO-I::XQ05011
XQ05012,CCX-HU Eng&Design Div::XQ05012
XQ05100,CCX-APD GIF::XQ05100
XQ05111,CCX-APD GENERAL::XQ05111
XQ05131,CCX-APD SERVICE::XQ05131
XQ05132,CCX-MU-2 EVENT::XQ05132
XQ05133,CCX-APD SERVISE (IJSC)::XQ05133
XQ05134,CCX-APD SERVISE (MACA)::XQ05134
XQ05135,CCX-Dallas Purchasing::XQ05135
XQ05136,CCX-APD SERV. (MACA-CS)::XQ05136
XQ05137,CCX-APD SERV.(MACA-FSO)::XQ05137
XQ05138,CCX-APD SERV.(MACA-PSO)::XQ05138
XQ05139,CCX-MACA GENERAL::XQ05139
XQ05141,CCX-APD GOODS::XQ05141
XQ05142,CCX-APD Eng. Support::XQ05142
XQ05151,CCX-APD SERV.(MACA-QA)::XQ05151
XQ05152,CCX-APD SERV.(MACA-SSO)::XQ05152
XQ05153,CCX-MACA Chicago GENERAL::XQ05153
XQ05154,CCX-MACA-ENG._Wichita::XQ05154
XQ05155,CCX-MACA-ENG._Hartford::XQ05155
XQ05156,CCX-MRJ Purch (LA)::XQ05156
XQ05157,CCX-LA GEN. (Suite 2060)::XQ05157
XQ05158,CCX-MITAC-A_QA_LA::XQ05158
XQ05159,CCX-MITAC-A QA-LA(MRJ)::XQ05159
XQ05160,CCX-Chicago Purch (HA)::XQ05160
XQ05161,CCX-Long Term Trip (MRJ)::XQ05161
XQ05211,CCX-FW GENERAL::XQ05211
XQ05212,CCX-FW GENERAL::XQ05212
XQ05311,CCX-DC General::XQ05311
XQ05391,CCX-DC GR::XQ05391
XQ05392,CCX-DC Research & PR::XQ05392
XQ05393,CCX-DC TRAINING::XQ05393
XQ05394,CCX-DC Billing to MHI-HQ::XQ05394
XQ05395,CCX-DC Special Expense::XQ05395
XQ05411,CCX-DOS GENERAL::XQ05411
XQ05993,CCX-OD GENERAL::XQ05993
XQ06211,CCX-ST GENERAL::XQ06211
XQ06291,CCX-ST MAIN::XQ06291
XQ06292,CCX-MRJ MOSES LAKE::XQ06292
XQ06293,CCX-ST BB::XQ06293
XQ06294,CCX-ST 7E7::XQ06294
XQ06295,CCX-ST Purchasing::XQ06295
XQ06296,CCX-777 SME::XQ06296
XQ06297,CCX-777 FREIGHTER::XQ06297
XQ06298,CCX-ST Boeing Marketing::XQ06298
XQ07400,CCX-TSD GIF::XQ07400
XQ07411,CCX-TSD GENERAL::XQ07411
XQ07412,CCX-TSD ADMIN.::XQ07412
XQ07413,CCX-TSD PURCHASING::XQ07413
XQ07414,CCX-TSD SVP GENERAL::XQ07414
XQ07415,CCX-TSD Project Eng::XQ07415
XQ07430,CCX-TSD SERVICE TO MIHAR::XQ07430
XQ07431,CCX-TSD SERVICE TO MHI::XQ07431
XQ07432,CCX-TSD COMMON-SERVICE::XQ07432
XQ07433,CCX-TSD Mihara-Purchase::XQ07433
XQ07434,CCX-TSD O&M (serv to CMS::XQ07434
XQ07435,CCX-TSD Serv to MHI::XQ07435
XQ07441,CCX-TSD COMMON-PARTS::XQ07441
XQ07442,CCX-TSD MIAMI::XQ07442
XQ07443,CCX-TSD DULLES::XQ07443
XQ07444,CCX-TSD ATLANTA::XQ07444
XQ07445,CCX-TSD MIA Mover::XQ07445
XQ07446,CCX-TSD MIA Mover O&M::XQ07446
XQ07447,CCX-TSD MIAM-Sat.E Engr.::XQ07447
XQ07448,CCX-MIA Mover Safe Doc.::XQ07448
XQ07449,CCX-MIA Mover Switch::XQ07449
XQ07450,CCX-MIA Mover AddVehicle::XQ07450
XQ07451,CCX-TSD TEST&COMM.::XQ07451
XQ07452,CCX-TSD ORLANDO::XQ07452
XQ07453,CCX-TSD TAMPA::XQ07453
XQ07455,CCX-TSD Miami::XQ07455
XQ07456,CCX-TSD Atlanta::XQ07456
XQ07457,CCX-TSD MHI_LAX::XQ07457
XQ07458,CCX-TSD Tampa O&M::XQ07458
XQ07499,CCX-TSD Insurance::XQ07499
XQ07792,CCX-PI AP1000::XQ07792
XQ07793,CCX-PI GTN::XQ07793
XQ07794,CCX-PI SRWM::XQ07794
XQ07795,CCX-PI COMP::XQ07795
XQ07796,CCX-PI CBR::XQ07796
XQ07797,CCX-PI CBR SERVICE TO MH::XQ07797
XQ07911,CCX-HS GENERAL::XQ07911
XQ07931,CCX-HS GEN.Service to MH::XQ07931
XQ07932,CCX-HS GEN.Service to LL::XQ07932
XQ07942,CCX-HS Washington Gas 1::XQ07942
XQ08300,CCX-MTD GIF::XQ08300
XQ08310,CCX-MTD ADMINISTRATIVE::XQ08310
XQ08311,CCX-MTD INDIRECT-CG::XQ08311
XQ08312,CCX-MTD GENERAL-DETROIT::XQ08312
XQ08313,CCX-MTD SALES::XQ08313
XQ08314,CCX-MTD Service to FBM::XQ08314
XQ08315,CCX-MTD Precision.-Gen.::XQ08315
XQ08316,CCX-MTD WIXOM WAREHOUSE::XQ08316
XQ08320,CCX-MTD SALES GENERAL::XQ08320
XQ08321,CCX-MTD SALES MACHINING::XQ08321
XQ08322,CCX-MTD SALES LARGE::XQ08322
XQ08325,CCX-MTD SALES GRINDER::XQ08325
XQ08330,CCX-MTD SERVICE GENERAL::XQ08330
XQ08331,CCX-MTD SERVICE FIELD-CG::XQ08331
XQ08332,CCX-MTD SERVICE FIELD-DT::XQ08332
XQ08333,CCX-MTD SERVICE PARTS-CG::XQ08333
XQ08334,CCX-MTD SERVICE PARTS-DT::XQ08334
XQ08341,CCX-MTD GEAR MACHINE::XQ08341
XQ08342,CCX-MTD ENGINE VALVE::XQ08342
XQ08343,CCX-MTD SPECIAL PURPOSE::XQ08343
XQ08344,CCX-MTD CUTTING TOOL::XQ08344
XQ08600,CCX-ECD GIF::XQ08600
XQ08611,CCX-ECD GENERAL::XQ08611
XQ08612,CCX-FGD GENERAL::XQ08612
XQ08613,CCX-CHEMICAL GENERAL::XQ08613
XQ08614,CCX-ECD_Business Develop::XQ08614
XQ08615,CCX-ECD_General Expenses::XQ08615
XQ08616,CCX-BD for Chemical::XQ08616
XQ08617,CCX-ESD/OGD_SEVP::XQ08617
XQ08641,CCX-NAG Project_General::XQ08641
XQ08642,CCX-PNC-EOR/E+P Phase::XQ08642
XQ08643,CCX-AEC ENG. SERVICE::XQ08643
XQ08644,CCX-HES Demonstration::XQ08644
XQ08645,CCX-PNC-EOR/License::XQ08645
XQ08646,CCX-PNC-EOR/KS1 Solvent::XQ08646
XQ08647,CCX-GTCC+CO2 Rec Stu PO::XQ08647
XQ08648,CCX-MHPSA_FGD Eng Suppo::XQ08648
XQ08649,CCX-Vendor Visit Atlanta::XQ08649
XQ08650,CCX-MHIJ Tech Service::XQ08650
XQ08651,CCX-SoCo/DOE Post Demo::XQ08651
XQ08652,CCX-MHIJ Study for CCS-E::XQ08652
XQ08653,CCX-BPEX Project::XQ08653
XQ08654,CCX-MHIJ Battery Project::XQ08654
XQ08655,CCX-BPEX Project::XQ08655
XQ08656,CCX-NETL CO2 Capt Study::XQ08656
XQ08657,CCX-PNC-EOR/Solvent Supp::XQ08657
XQ08658,CCX-SaskPower/FS Support::XQ08658
XQ08659,CCX-MHIJ/Thermoflow Mode::XQ08659
XQ08660,CCX-MHIJ/Water Stop OSF::XQ08660
XQ08661,CCX-NAG TNPP-Free Projec::XQ08661
XQ08662,CCX-EMRE/CO2 Capture Fea::XQ08662
XQ08663,CCX-PNC-EOR/Technical Se::XQ08663
XQ08664,CCX-PNC-EOR/Compressor I::XQ08664
XQ08665,CCX-PNC-EOR/MHIA Spare P::XQ08665
XQ08666,CCX-Tri-State/CO2 FS::XQ08666
XQ08667,CCX-EERC/Project Carbon::XQ08667
XQ08668,CCX-PNC-EOR/Post 5 Week::XQ08668
XQ08669,CCX-PNC-EOR/ Fe Analyzer::XQ08669
XQ08670,CCX-MHIJ/Sask Power Shan::XQ08670
XQ08671,CCX-MHIENG/Trainee::XQ08671
XQ08672,CCX-PJ Carbon_pre-FEED::XQ08672
XQ08673,CCX-PJ Carbon_Long Term::XQ08673
XQ08674,CCX-Support for TMD PJ::XQ08674
XQ08711,CCX-NED GENERAL::XQ08711
XQ08712,CCX-NED SALES::XQ08712
XQ08731,CCX-NED SERVICE TO MHI::XQ08731
XQ08732,CCX-NED COMMON SERVICE::XQ08732
XQ08733,CCX-NED SERVICE TO MNES::XQ08733
XQ08741,CCX-NED NORTHANNA::XQ08741
XQ08742,CCX-NED MILLSTONE::XQ08742
XQ08743,CCX-NED SAN ONOFRE 2/3::XQ08743
XQ08744,CCX-SAN ONOFRE 2/3 RVH::XQ08744
XQ08745,CCX-SOUTH TEXAS RVH::XQ08745
XQ08810,CCX-FGD INDIRECT COST::XQ08810
XQ08811,CCX-FGD GENERAL::XQ08811
XQ08812,CCX-FGD ADMIN Dept::XQ08812
XQ08813,CCX-FGD DESIGN Dept::XQ08813
XQ08814,CCX-FGD non-Advatech's::XQ08814
XQ08821,CCX-FGD Evacuation Exp.::XQ08821
XQ08831,CCX-FGD SERVICE TO OTHER::XQ08831
XQ08832,CCX-AEC Mngmnt Service::XQ08832
XQ08841,CCX-FGD TVA/Paradise #3::XQ08841
XQ08842,CCX-FGD TVA/Widows Creek::XQ08842
XQ08843,CCX-FGD A's biz developm::XQ08843
XQ08844,CCX-FGD TVA/Colvert #5::XQ08844
XQ08846,CCX-TVA Bullrun #1::XQ08846
XQ08847,CCX-Soco Gorgas #8-10::XQ08847
XQ08848,CCX-TVA Pradise #3 ARS::XQ08848
XQ08849,CCX-TVA Kingston #6-9::XQ08849
XQ08850,CCX-Soco Hammond #4::XQ08850
XQ08851,CCX-IP&L Harding St. #7::XQ08851
XQ08852,"CCX-AE Hatfield #1,2,3::XQ08852"
XQ08853,"CCX-Soco Miller #3,4::XQ08853"
XQ08854,CCX-Soco SchererUnits1-4::XQ08854
XQ08855,CCX-TVA John Sevier 1-4::XQ08855
XQ08856,CCX-SOCO Daniel #1-2::XQ08856
XQ08857,CCX-Ameren Phase2::XQ08857
XQ08858,CCX-SOCO 2MWDCFS Lease::XQ08858
XQ08859,CCX-TVA Paradise#3 M/E::XQ08859
XQ08860,CCX-TVA Bull Run #1 M/E::XQ08860
XQ08861,CCX-TVA Kingston#6-9 M/E::XQ08861
XQ08862,CCX-SoCo Gorgas#8-10 M/E::XQ08862
XQ08863,CCX-SoCo Hammond #4 M/E::XQ08863
XQ08864,"CCX-SoCo Miller #3,4 M/E::XQ08864"
XQ08865,CCX-IP&L Harding St#7M/E::XQ08865
XQ08866,CCX-HE Improvement::XQ08866
XQ08867,CCX-SoCo Hammond AbsFire::XQ08867
XQ08868,CCX-MHIJ Genegal::XQ08868
XQ08869,CCX-SOCO 2MWDCFS Advise::XQ08869
XQ08870,CCX-Study for Clean Coal::XQ08870
XQ08871,CCX-Soco Hammond Pump::XQ08871
XQ08872,CCX-MHI Soco CO2 Pilot::XQ08872
XQ08873,CCX-ADV Soco CO2 Pilot::XQ08873
XQ08874,CCX-ADV LL and STD::XQ08874
XQ08875,CCX-Soco Branch::XQ08875
XQ08876,CCX-Oil&Gas related work::XQ08876
XQ08877,CCX-MHIJ MD::XQ08877
XQ08878,CCX-ADV Gorgas GB fail::XQ08878
XQ08879,CCX-MHIJ CO2 MD::XQ08879
XQ08880,CCX-ADV Ameren Edwards::XQ08880
XQ08881,CCX-Engineering (URS)::XQ08881
XQ08882,CCX-MHIJ/EPCOR Study::XQ08882
XQ08883,CCX-Ameren Newton TCE::XQ08883
XQ08884,CCX-CO2 Nexant::XQ08884
XQ08885,CCX-E-Service Project::XQ08885
XQ08886,CCX-SoCo Greene County::XQ08886
XQ08887,CCX-Stack Integrated Typ::XQ08887
XQ08888,CCX-TVA Colbert 1-4 FGD::XQ08888
XQ08889,CCX-Coal Upgrading::XQ08889
XQ08890,CCX-MNES Support Project::XQ08890
XQ08891,CCX-Hybrid System Demons::XQ08891
XQ08892,CCX-KCP&L Proposal::XQ08892
XQ08893,CCX-2010 MHIA CO2 MD::XQ08893
XQ08894,CCX-Detail Study Stack I::XQ08894
XQ08895,CCX-CO2 Yates Mobile Tes::XQ08895
XQ08896,CCX-Green County Feed St::XQ08896
XQ08897,CCX-SoCo CO2 500TPD O&M::XQ08897
XQ08898,CCX-TransAltaCO2 3000TPD::XQ08898
XQ08899,CCX-SoCo FGD Inspection::XQ08899
XQ08911,CCX-KSC GENERAL::XQ08911
XQ08931,CCX-KSC NAGOYA::XQ08931
XQ08932,CCX-KSC KOBE::XQ08932
XQ09011,CCX-IMM GENERAL::XQ09011
XQ09021,CCX-IMM MACHINE SALES::XQ09021
XQ09031,CCX-IMM PARTS::XQ09031
XQ09041,CCX-IMM SERVICE::XQ09041
XQ09051,CCX-Service for MHI-PT::XQ09051
XQ09111,CCX-POWER SYS - MV4::XQ09111
XQ09112,"CCX-Serv. of Board, MWPA::XQ09112"
XQ09211,CCX-OIL & GAS GENERAL::XQ09211
XQ09212,CCX-Oil & Gas General::XQ09212
XQ09213,CCX-O&G SEVP COST::XQ09213
XQ09311,CCX-Pump Business Office::XQ09311
XQ09912,CCX-Machinery Common::XQ09912
XQ0TEMP,CCX-Temp::XQ0TEMP
XQ0TEMP2,CCX-Temp#2::XQ0TEMP2
XQ0TEMP3,CCX-Temp#3::XQ0TEMP3
UA00001,CCX-MITAC-A GENERAL::UA00001
UA00002,CCX-TX General::UA00002
UA00003,CCX-CHICAGO General::UA00003
UA00004,CCX-SEC General::UA00004
UA00005,CCX-SCM TX General::UA00005
UA00006,CCX-SEC/MFC COMMON AEROT::UA00006
UA01001,CCX-SALES::UA01001
UA01002,CCX-SALES FL::UA01002
UA02001,CCX-CS::UA02001
UA02002,CCX-CS::UA02002
UA02003,CCX-CS::UA02003
UA03001,CCX-QA CHICAGO::UA03001
UA03002,CCX-QA SSO::UA03002
UA03003,CCX-QA LA Office::UA03003
UA03004,CCX-ENGINEER QA::UA03004
UA03005,CCX-QA TX::UA03005
UA03006,CCX-QA Conformity Inspec::UA03006
UA03007,CCX-QA Source Inspection::UA03007
UA04001,CCX-ENGINEER KS::UA04001
UA04002,CCX-ENGINEER CT::UA04002
UA04003,CCX-ENGINEER CA::UA04003
UA04004,CCX-ENGINEER UT::UA04004
UA04005,CCX-ENGINEER IL::UA04005
UA04006,CCX-ENGINEER FL::UA04006
UA04007,CCX-ENGINEER NY::UA04007
UA04008,CCX-ENGINEER WA::UA04008
UA04009,CCX-ENGINEER WA::UA04009
UA04010,CCX-ENGINEER AZ::UA04010
UA04011,CCX-ENGINEER WA::UA04011
UA04012,CCX-ENGINEER WI::UA04012
UA04013,CCX-ENGINEER CO::UA04013
UA04014,CCX-ENGINEER NC::UA04014
UA04015,CCX-ENGINEER IA::UA04015
UA04016,CCX-CS SEC::UA04016
UA04017,CCX-SEC INTERIORS::UA04017
UA04018,CCX-SEC INTERIORS AEROTE::UA04018
UA04A01,CCX-IPT2.1 Rigs AeroTEC::UA04A01
UA04A04,CCX-IPT2.4 A/C Integ::UA04A04
UA04A12,CCX-IPT2.12 PwrPlnt (A)::UA04A12
UA04A13,CCX-IPT2.13 APU (A)::UA04A13
UA04A14,CCX-IPT2.14 Electrcl (A)::UA04A14
UA04A15,CCX-IPT2.15 Avio (A)::UA04A15
UA04A17,CCX-IPT2.17 HYD/LG (A)::UA04A17
UA04A18,CCX-IPT2.18 AMS/FPS (A)::UA04A18
UA04A19,CCX-IPT2.19 HTCS (A)::UA04A19
UA04A20,CCX-IPT2.20 FBW/PFCAS (A::UA04A20
UA04A21,CCX-IPT2.21 Interior (A)::UA04A21
UA04M01,CCX-IPT2.1 Rigs (MITAC)::UA04M01
UA04M04,CCX-IPT2.4 A/C Integ::UA04M04
UA04M12,CCX-IPT2.12 PwrPlnt (M)::UA04M12
UA04M13,CCX-IPT2.13 APU (M)::UA04M13
UA04M14,CCX-IPT2.14 Electrcl (M)::UA04M14
UA04M15,CCX-IPT2.15 Avio (M)::UA04M15
UA04M17,CCX-IPT2.17 HYD/LG (M)::UA04M17
UA04M18,CCX-IPT2.18 AMS/FPS (M)::UA04M18
UA04M19,CCX-IPT2.19 HTCS (M)::UA04M19
UA04M20,CCX-IPT2.20 FBW/PFCAS (M::UA04M20
UA04M21,CCX-IPT2.21 Interior (M)::UA04M21
UA05001,CCX-ENGINEER MOSES LAKE::UA05001
UA05002,CCX-MOSES LAKE OPERATION::UA05002
UA05003,CCX-MOSES LAKE ENGINEERI::UA05003
UA05004,CCX-MOSES LAKE FLIGHT MA::UA05004
UA05011,CCX-OPERATION SUPPORT::UA05011
UA05012,CCX-ENG DEPT COMMON::UA05012
UA05013,CCX-FLIGHT MAINT. DEPT::UA05013
UA05014,CCX-FLIGHT OPERATION GR::UA05014
UA05015,CCX-TEST GROUP::UA05015
UA05016,CCX-AIRCRAFT MAIN. GR::UA05016
UA05017,CCX-QUALITY ASSURANCE GR::UA05017
UA05018,CCX-SUPPLY CHAIN MAGT GR::UA05018
UA05019,CCX-CS PREP. OFFICE::UA05019
UA05020,CCX-MFC COMMON::UA05020
UA05021,CCX-PROJECT MGT OFFICE::UA05021
UA05022,CCX-INSTRUMENTATION::UA05022
UA05090,CCX-SPECIAL ENG REQUEST::UA05090
UA0A011,CCX-AEROOTEC OPERATION S::UA0A011
UA0A012,CCX-AEROTEC ENG DEPT CO::UA0A012
UA0A013,CCX-AEROTEC FLIGHT MAINT::UA0A013
UA0A014,CCX-AEROTEC FLIGH OPERAT::UA0A014
UA0A015,CCX-AEROTEC TEST GROUP::UA0A015
UA0A016,CCX-AEROTECAIRCRAFT MAIN::UA0A016
UA0A017,CCX-AEROTEC QA GROUP::UA0A017
UA0A018,CCX-AEROTEC SCM::UA0A018
UA0A019,CCX-AEROTEC CS PREP OFFI::UA0A019
UA0A020,CCX-AEROTEC MFC COMMON::UA0A020
UA0A021,CCX-AEROTEC PJ MGT OFFIC::UA0A021
UA0A022,CCX-AEROTEC INSTRUMENTAT::UA0A022
UA0A090,CCX-SPECIAL ENG REQUEST::UA0A090
VQ0321000,CCX-CT Occupancy::VQ0321000
VQ0321001,CCX-LEB FT8::VQ0321001
VQ0321002,CCX-LEB FT4000::VQ0321002
VQ0321004,CCX-Project Engineering::VQ0321004
VQ0321005,CCX-LEB FT8/FT4000::VQ0321005
VQ0321006,CCX-Russian Operations::VQ0321006
VQ0321008,CCX-FT4000 Spares::VQ0321008
VQ0321010,CCX-Aftmkt Cust Serv-G&A::VQ0321010
VQ0321011,CCX-FT4000 O&R/FLD SVC::VQ0321011
VQ0321013,CCX-LTSA - O&R::VQ0321013
VQ0321014,CCX-AMKT PROJ - O&R::VQ0321014
VQ0321015,CCX-Lease Pool - O&R::VQ0321015
VQ0321017,CCX-FT4000 LTSA::VQ0321017
VQ0321025,CCX-FT8 COGS::VQ0321025
VQ0321026,CCX-E&D FT4000::VQ0321026
VQ0321027,CCX-E&D IGT::VQ0321027
VQ0321030,CCX-Exec Administration::VQ0321030
VQ0321031,CCX-Legal::VQ0321031
VQ0321007,CCX-Aftermarket Spares::VQ0321007
VQ0321033,CCX-Finance & Accounting::VQ0321033
VQ0321034,CCX-FT8 OEM Tooling::VQ0321034
VQ0321035,CCX-Purch Bal of Plant::VQ0321035
VQ0321032,CCX-EH&S/Quality::VQ0321032
VQ0321038,CCX-IT Allocation::VQ0321038
VQ0321040,CCX-IGT Purchasing::VQ0321040
VQ0321041,CCX-Purch / Mtls Admin::VQ0321041
VQ0321036,CCX-Mat Dist & Logistics::VQ0321036
VQ0321043,CCX-CT Occupancy [SQF]::VQ0321043
VQ0321044,CCX-CT Occupancy [Hdcnt]::VQ0321044
VQ0321045,CCX-IT::VQ0321045
VQ0321046,CCX-CT Occupancy Costs::VQ0321046
VQ0321047,CCX-Other::VQ0321047
VQ0321048,CCX-Marketing::VQ0321048
VQ0321049,CCX-New Unit Sales::VQ0321049
VQ0321051,CCX-IGT Aftermarket Sale::VQ0321051
VQ0321052,CCX-Warehouse Oper. - CT::VQ0321052
VQ0321053,CCX-AUC Generic::VQ0321053
VQ0321054,CCX-FT8 Spares COS::VQ0321054
VQ0321055,CCX-FT8 O&R/Fld Srv COS::VQ0321055
VQ0321056,CCX-Geo-Thermal 280 Kw::VQ0321056
VQ0321057,CCX-Geo-Therm Procuremen::VQ0321057
VQ0321058,CCX-Geo-Thermal Operat::VQ0321058
VQ0321059,CCX-Geo-Ther Aftmkt Srvc::VQ0321059
VQ0321060,CCX-Geo-Thermal Admin::VQ0321060
VQ0321061,CCX-Geo-Therm Marketing::VQ0321061
VQ0321062,CCX-Geo-Therm Sales::VQ0321062
VQ0321063,CCX-Turboden::VQ0321063
VQ0321064,CCX-ESI Clearing::VQ0321064
VQ0321065,CCX-PWPS - India Office::VQ0321065
VQ0321066,CCX-IO Sale Cost Foreign::VQ0321066
VQ0321067,CCX-PWPS MHI Integration::VQ0321067
VQ0321068,CCX-PWPS PA & GIF Cost::VQ0321068
VQ0321069,CCX-IO LEB Cost Foreign::VQ0321069
VQ0321070,CCX-IO IGT Cost Foreign::VQ0321070
VQ0321071,CCX-IO ORC Cost Foreign::VQ0321071
VQ0321080,CCX-GeoThermal Salary::VQ0321080
VQ0321081,CCX-Geo-Therm Prod Dev::VQ0321081
VQ0321082,CCX-FT4000 Ancillary::VQ0321082
VQ0321083,CCX-FT4000 Program Manag::VQ0321083
VQ0321084,CCX-FT8 Management::VQ0321084
VQ0321090,CCX-IGT F-Class::VQ0321090
VQ0321091,CCX-IGT Spec Process::VQ0321091
VQ0321092,CCX-IGT Coatings::VQ0321092
VQ0321093,CCX-IGT E-Class::VQ0321093
VQ0321094,CCX-IGT LTSA::VQ0321094
VQ0321095,CCX-IGT New Parts::VQ0321095
VQ0321037,CCX-Prod & Quality Suppo::VQ0321037
VQ0321097,CCX-IGT New Parts::VQ0321097
VQ0321100,CCX-HR::VQ0321100
VQ0321101,CCX-Compliance::VQ0321101
VQ0321102,CCX-Risk Management::VQ0321102
VQ0321103,CCX-Corporate Admin::VQ0321103
VQ0321200,CCX-FT8 Aftmkt Tooling::VQ0321200
VQ0321201,CCX-FT4000 OEM Tooling::VQ0321201
VQ0321202,CCX-FT4000 Aftmk Tooling::VQ0321202
VQ0321400,CCX-IGT Elims::VQ0321400
VQ0999999,CCX-Cutover Loading::VQ0999999
XQ07416,CCX-ESD Admin (Houston)::XQ07416
XQ08675,CCX-PNC/Amine Analyzer::XQ08675
XQ01125,CCX-Greenway Plaza Gener::XQ01125
VQ0321039,CCX-FT8 Mtl O/H Exp Assy::VQ0321039
VQ0321042,CCX-Customer Techincal S::VQ0321042
XQ08676,CCX-FS for ICC Project::XQ08676
XQ01511,CCX-PESB Representative::XQ01511
XQ01611,CCX-Agricultural Machine::XQ01611
XQ07436,CCX-Service to MHIENG SI::XQ07436
XQ08677,CCX-GCGV Project::XQ08677
XQ08678,CCX-PNC/KS-1 Solution::XQ08678
UA02F02,CCX-CS SEA Function::UA02F02
UA02I02,CCX-CS SEA Admin::UA02I02
XQ04520,CCX-Production End TMD::XQ04520
XQ07417,CCX-ESD GM(Houston)::XQ07417
XQ08601,CCX-ESD GIF (CO2)::XQ08601
XQ08618,CCX-ESD General_Chemical::XQ08618
XQ04815,CCX-TU SM-3 SCD::XQ04815
XQ09214,CCX-6th Floor Shared Exp::XQ09214
XQ07459,CCX-STP Insurance::XQ07459
XQ08679,CCX-STP Insurance::XQ08679
VQ0321050,CCX-Program Office & Ops::VQ0321050
VQ0321096,CCX-Sales Admin::VQ0321096
UA04ACM,CCX-CMO Support (A)::UA04ACM
UA04T21,CCX-IPT2.21 Interior TX::UA04T21
UA05030,CCX-EFS#1 Maintenance::UA05030
UA05031,CCX-ASIR Rig Maintenance::UA05031
UA0A030,CCX-AEROTEC EFS#1::UA0A030
UA0A031,CCX-AEROTEC ASIR Rig::UA0A031
XQ01119,CCX-HQ_AM SEVP::XQ01119
XQ01120,CCX-HQ Non-Allocable::XQ01120
XQ01175,CCX-INTERNAL AUDIT MSSA::XQ01175
YW00111310,CCX-PJ Execution Mgmt::YW00111310
YW00112010,CCX-PJ & Construct MGMT::YW00112010
UA02P02,CCX-CS / PMD (SEA)::UA02P02
UA04A80,CCX-IPT2.8 V&V (A)::UA04A80
UA04M80,CCX-IPT2.8 V&V (M)::UA04M80
UA05010,CCX-Safety Office::UA05010
UA0A010,CCX-AEROTEC Safety Offic::UA0A010
XQ07460,CCX-Tampa Addvehicle::XQ07460
XQ01129,CCX-8VC II Fund PL::XQ01129
XQ02536,CCX-LA Sublease to DWTG::XQ02536
UA00009,CCX-IT Team SEA::UA00009
UA00010,CCX-Facility & Lease SEA::UA00010
UA04A11,CCX-IPT2.11 Airframe (Ae::UA04A11
UA04A16,CCX-IPT2.16 EME (AeroTEC::UA04A16
UA04M11,CCX-IPT2.11 Airframe::UA04M11
UA04M16,CCX-IPT2.16 EME::UA04M16
UA05023,CCX-IT Team MFC::UA05023
UA05024,CCX-Facility & Lease MFC::UA05024
UA05025,CCX-Flight Test Team::UA05025
UA05026,CCX-CMO::UA05026
UA0A023,CCX-IT Team MFC (AeroTEC::UA0A023
UA0A024,CCX-Facility Lease (Aero::UA0A024
UA0A025,CCX-Flight Test Team (Ae::UA0A025
UA0A026,CCX-CMO (AeroTEC)::UA0A026
YW00112030,CCX-Project Controls::YW00112030
XQ08680,CCX-Vistra/CO2 FS::XQ08680
XQ08681,CCX-Procurement support::XQ08681
XQ01123,CCX-Regional IA/CO Offic::XQ01123
YW00115012,CCX-Pricing Strategy::YW00115012
YW00115013,CCX-Chief Strategy Offic::YW00115013
XQ08619,CCX-ESD Procurement::XQ08619
XQ01128,CCX-I&B Department (C02)::XQ01128
XQ08682,CCX-PNC/Reclaimer issue::XQ08682
YW00112110,CCX-Construction Service::YW00112110
UA01004,CCX-Marketing Dallas::UA01004
YW00145110,CCX-PESB SG&A::YW00145110
UA00011,CCX-GR Wash. DC::UA00011
XQ03922,CCX-Project Carbon::XQ03922
VQ0321029,CCX-MSSA::VQ0321029
XQ03119,CCX-OC for Brazil::XQ03119
YW00155110,CCX-AI-Co::YW00155110
UA06001,CCX-Sales - MRJ Concept::UA06001
UA06002,CCX-CS - MRJ Concept::UA06002
UA06003,CCX-Marketing MRJ Concep::UA06003
UA06004,CCX-Corp SEA MRJ Concept::UA06004
UA06005,CCX-QA - MRJ Concept::UA06005
UA06009,CCX-Corp IT MRJ Concept::UA06009
UA06010,CCX-Fac & Lease MRJ Conc::UA06010
XQ01124,CCX-Mktng & Comms Dept::XQ01124
UA06008,CCX-TX Eng MRJ Concept::UA06008
UA05032,CCX-Ops Office/Simulator::UA05032
UA06011,CCX-FBW MRJ Concept::UA06011
UA0A032,CCX-Ops Office/Simulator::UA0A032
UA06012,CCX-Sup Int CA MRJ Conce::UA06012
YW00125210,CCX-PES Development Org::YW00125210
YW00135210,CCX-PES Proj. Developmen::YW00135210
YW00201930,CCX-OEM Svcs SparkCognit::YW00201930
UA04020,CCX-Supp Int MHIA::UA04020
YW00112610,CCX-Commissioning Svc::YW00112610
UA06013,CCX-Stress Test MRJ Conc::UA06013
UA06014,CCX-Airframe Integration::UA06014
UA07001,CCX-Supp Int MHIA::UA07001
UA06015,CCX-M100 V&V::UA06015
XQ08683,CCX-MHPS/Eng. Support::XQ08683
YW00135310,CCX-ACES::YW00135310
UA04021,CCX-Engineering - Canada::UA04021
YR08703,CCX-NC Office::YR08703
YR08713,CCX-Business Development::YR08713
YR08720,CCX-Corporate Services::YR08720
UA04N20,CCX-IPT2.20 FBW/PFCAS NY::UA04N20
UA06016,CCX-Avionics - M100::UA06016
UA06017,CCX-Flight Dynamics M100::UA06017
UA07002,CCX-SMC Canada::UA07002
YW00201830,CCX-DIGITAL SOLUTIONS::YW00201830
XQ09215,CCX-O&G Support from MCO::XQ09215
XQ03915,CCX-BO-RESEARCH & DEVELP::XQ03915
XQ04641,CCX-ABP Acquistion Cost::XQ04641
XQ05396,CCX-DC Defense::XQ05396
XQ08684,CCX-Xcel Energy CC FS::XQ08684
VQ0321300,CCX-FT8 - LEB Field Svc::VQ0321300
YW00135410,CCX-Project Development::YW00135410
XQ07461,CCX-Proc to MHI 4 TXHSR::XQ07461
UA04023,CCX-IPT2.12 Supp Integ::UA04023
UA06018,CCX-M100 Canada Supp Int::UA06018
XQ05220,CCX-unassigned::XQ05220
XQ05500,CCX-81Q GIF::XQ05500
XQ05510,CCX-CRJ NON-BILLABLE::XQ05510
YW00750020,CCX-SMW Heavy Machining::YW00750020
,CCX-Corporate Common::X570100010
,CCX-NUP Argentina::X570121010
,CCX-LTSA Sales/Admin::X570702010
,CCX-LTSA::X570702030
,CCX-GT Sales/Admin::X570703010
,CCX-GT Field Service::X570703030
,CCX-ST Sales/Admin::X570704010
,CCX-ST Field Service::X570704030
,CCX-GT Parts Sales/Admin::X570705010
,CCX-GT Parts::X570705030
,CCX-ST Parts Sales/Admin::X570706010
,CCX-ST Parts::X570706030
,CCX-OEM Services Sales::X570707010
,CCX-OEM Services Admin::X570707110
,CCX-TGR Sales/Admin::X570746010
,CCX-TGR Field Service::X570746030
,CCX-Corporate Common::X580100010
,CCX-LTSA Sales/Admin::X580802010
,CCX-LTSA::X580802030
,CCX-GT Sales/Admin::X580803010
,CCX-GT Field Service::X580803030
,CCX-ST Sales/Admin::X580804010
,CCX-ST Field Service::X580804030
,CCX-GT Parts Sales/Admin::X580805010
,CCX-GT Parts::X580805030
,CCX-ST Parts Sales/Admin::X580806010
,CCX-ST Parts::X580806030
,CCX-OEM Services Sales::X580807010
,CCX-OEM Services Admin::X580807110
,CCX-TGR Sales/Admin::X580846010
,CCX-TGR Field Service::X580846030
,CCX-CORMETECH::YW00193110
,CCX-E&E Payroll Bill Bac::YW00499919
,CCX-HOUSTON SG&A::YW00505110
,CCX-HOUSTON REFURB::YW00505230
,CCX-HOU SMALL PART MFG::YW00505330
,CCX-HOUSTON REPAIR::YW00505830
,CCX-HOUSTON TRNG CENTER::YW00505910
,CCX-MPS-PR Admin::YW10P00010
,CCX-MPS-PR Admin (NEW)::YW10P00011
,CCX-PR Field Service- GT::YW10P02030
,CCX-LTSA Programs::YW10P02410
,CCX-TGR::YW10P06030
,CCX-MPS-C Admin::YW20C00010
,CCX-MPS-C Accounting::YW20C00110
,CCX-MPS-C GT-FS::YW20C00130
,CCX-MPS-C Projects::YW20C00210
,CCX-MPS-C ST-FS::YW20C00230
,CCX-MPS-C Sales::YW20C00310
,CCX-MPS-C LTSA::YW20C00330
,CCX-Saskatoon New Units::YW60C00110
,CCX-Saskatoon Svc Inc::YW60C00210
,CCX-MHPSC Service LTD::YW60C00220
,CCX-MPSC Manufacturing::YW60C00310
,CCX-Venezuela Common::YW70V00010
,CCX-Mexico Corp Common::YW80M00112
,CCX-Mexico Large Conv Sv::YW80M00130
,CCX-Mex Lg Non-conv Svc::YW80M00131
,CCX-Mexico LTSA::YW80M00230
,CCX-Mexico FS::YW80M00231
,CCX-Mexico TGR::YW80M00232
,CCX-Mexico NGS::YW80M00233
,CCX-Mexico Lg Conv Svc::YW80M01030
,CCX-Mex Lg Non-Conv Svc::YW80M02030
,CCX-INFORMATION TECHNOLO::YW80M03010
,CCX-Mexico LTSA - OEM Sv::YW80M03030
,CCX-ACCOUNTING - Conv/NG::YW80M04010
,CCX-Mexico FS -OEM Svc::YW80M04030
,CCX-ACCOUNTING -OEM Svc::YW80M05010
,CCX-Mexico TGR - OEM Svc::YW80M05030
,CCX-HUMAN RESOURCES::YW80M06010
,CCX-Mexico NGS::YW80M06030
,CCX-SALES::YW80M07010
,CCX-PURCHASING Conv/NGS::YW80M07030
,CCX-PURCHASING OEM Svc::YW80M08030
,CCX-Admin -OEM Svc::YW80M09010
,CCX-ENGINEERING - Large::YW80M09030
,CCX-Admin - Conv/NGS::YW80M10010
,CCX-Parts Sales - Large::YW80M10030
,CCX-MHPS MD&A Service::YW90D00010
,CCX-Ecuador Corp Common::X550100010
,CCX-Ecuador LTSA Sales/A::X550502010
,CCX-Ecuador LTSA::X550502030
,CCX-Ecuador GT Sales/Adm::X550503010
,CCX-Ecuador GT Field Ser::X550503030
,CCX-Ecuador ST Sales/Adm::X550504010
,CCX-Ecuador ST Field Ser::X550504030
,CCX-Ecuador GT Parts SA::X550505010
,CCX-Ecuador GT Parts::X550505030
,CCX-Ecuador ST Parts Sal::X550506010
,CCX-Ecuador ST Parts::X550506030
,CCX-Ecuador OEM Serv Sal::X550507010
,CCX-Ecuador OEM Serv Adm::X550507110
,CCX-Ecuador TGR Sales/Ad::X550546010
,CCX-Ecuador TGR Field Se::X550546030
,CCX-Colombia Corp Common::X560100010
,CCX-Colombia LTSA S&A::X560602010
,CCX-Colombia LTSA::X560602030
,CCX-Colombia GT S&A::X560603010
,CCX-Colombia GT Field Se::X560603030
,CCX-Colombia ST S&A::X560604010
,CCX-Colombia ST FS::X560604030
,CCX-Colombia GT Part S&A::X560605010
,CCX-Colombia GT Parts::X560605030
,CCX-Colombia ST Part S&A::X560606010
,CCX-Colombia ST Parts::X560606030
,CCX-Colombia OEM Se Sale::X560607010
,CCX-Colombia OEM Serv Ad::X560607110
,CCX-Colombia TGR S&A::X560646010
,CCX-Colombia TGR FS::X560646030
,CCX-Argentina Corp Comm::X570100010
,CCX-Argentina LTSA Sales::X570702010
,CCX-Argentina LTSA::X570702030
,CCX-Argentina GT Sales/A::X570703010
,CCX-Argentina GT Field S::X570703030
,CCX-Argentina ST Sales/A::X570704010
,CCX-Argentina ST Field S::X570704030
,CCX-Argentina GT Sal/Adm::X570705010
,CCX-Argentina GT Parts::X570705030
,CCX-Argentina ST Sales/A::X570706010
,CCX-Argentina ST Parts::X570706030
,CCX-Argentina OEM Servic::X570707010
,CCX-Argentina OEM Servic::X570707110
,CCX-Argentina TGR Sales/::X570746010
,CCX-Argentina TGR Field::X570746030
,CCX-Chile Corporate Comm::X580100010
,CCX-Chile LTSA Sales/Adm::X580802010
,CCX-Chile LTSA::X580802030
,CCX-Chile GT Sales/Admin::X580803010
,CCX-Chile GT Field Servi::X580803030
,CCX-Chile ST Sales/Admin::X580804010
,CCX-Chile ST Field Servi::X580804030
,CCX-Chile GT Parts Sales::X580805010
,CCX-Chile GT Parts::X580805030
,CCX-Chile ST Parts Sales::X580806010
,CCX-Chile ST Parts::X580806030
,CCX-Chile OEM Services S::X580807010
,CCX-Chile OEM Services A::X580807110
,CCX-Chile TGR Sales/Admi::X580846010
,CCX-Chile TGR Field Serv::X580846030
,CCX-Corporate Common::X550100010
,CCX-GT FS Sales/Admin::X550503010
,CCX-ST Field Service::X550504010
,CCX-ST Parts Sales/Admin::X550506010
,CCX-ST Parts::X550506030
,CCX-OEM Services Sales::X550507010
,CCX-OEM Services Admin::X550507110
,CCX-TGR Sales/Admin::X550546010
,CCX-TGR Field Service::X550546030
,CCX-NUP Colombia::X560121010
,CCX-PES Development Org::YW00125110
,CCX-PES Proj. Developmen::YW00135110
,CCX-Florida LLC::X540100010
,CCX-ACCOUNTING - NGS::YW80M00110
,CCX-HUMAN RESOURCES - NG::YW80M00210
,CCX-IT - NGS::YW80M00310
,CCX-SALES - NGS::YW80M00410
,CCX-ADMIN - NGS::YW80M00510
,CCX-ACCOUNTING - COMMON::YW80M01010
,CCX-ADMIN - COMMON::YW80M02010
,CCX-SGA Conv Alloc::YW80M02110
,CCX-SGA Non Conv Alloc::YW80M02210
,CCX-Human Resources - OE::YW80M05110
,CCX-IT - OEM::YW80M06110
,CCX-Sales -OEM::YW80M08010
,CCX-HUMAN RESOURCES - CO::YW80M11010
,CCX-IT - CONV::YW80M12010
,CCX-SGA LTSA Alloc - OEM::YW80M12110
,CCX-SGA FS Alloc -OEM Sv::YW80M12210
,CCX-SGA TGR - OEM Svc::YW80M12310
,CCX-SALES - CONV::YW80M13010
,CCX-PURCHASING - CONV SV::YW80M10130
,CCX-PURCHASING - CONV NO::YW80M11130
,CCX-PURCHASING - NGS::YW80M12430
,CCX-General Services OEM::YW80M01110
,CCX-General Services OEM::YW80M01310
,CCX-General Services NGS::YW80M01110
,CCX-General Services Con::YW80M02310
,CCX-General Services Mex::YW80M11210
,CCX-Accounting - NGS::Y970M00110
,CCX-Human Resources - NG::Y970M00210
,CCX-Information Technolo::Y970M00310
,CCX-Sales - NGS::Y970M00410
,CCX-Admin  / Direction -::Y970M00510
,CCX-Accounting - Common::Y970M01010
,CCX-Mexico Lg Conv Svc::Y970M01030
,CCX-General Services - N::Y970M01110
,CCX-General Services::Y970M01310
,CCX-Admin  / Direction -::Y970M02010
,CCX-Mex Lg Non-Conv Svc::Y970M02030
,CCX-SGA Conv Alloc::Y970M02110
,CCX-SGA Non Conv Alloc::Y970M02210
,CCX-General Services - C::Y970M02310
,CCX-Information Technolo::Y970M03010
,CCX-Mexico LTSA - OEM Sv::Y970M03030
,CCX-Accounting - Conv::Y970M04010
,CCX-Mexico LTSA - OEM Sv::Y970M04030
,CCX-Accounting - OEM Svs::Y970M05010
,CCX-Mexico TGR - OEM Svc::Y970M05030
,CCX-Human Resources - OE::Y970M05110
,CCX-Human Resources - Co::Y970M06010
,CCX-Mexico NGS::Y970M06030
,CCX-Information Technolo::Y970M06110
,CCX-Sales - Common::Y970M07010
,CCX-Procurement / Logist::Y970M07030
,CCX-Sales - OEM Svs::Y970M08010
,CCX-Procurement / Logist::Y970M08030
,CCX-Admin  / Direction::Y970M09010
,CCX-ENGINEERING  - Conv::Y970M09030
,CCX-Admin  / Direction -::Y970M10010
,CCX-Parts Sales  - Conv::Y970M10030
,CCX-Procurement / Logist::Y970M10130
,CCX-Human Resources - Co::Y970M11010
,CCX-Procurement / Logist::Y970M11130
,CCX-General Services - C::Y970M11210
,CCX-Information Technolo::Y970M12010
,CCX-SGA LTSA Alloc - OEM::Y970M12110
,CCX-SGA FS Alloc -OEM Sv::Y970M12210
,CCX-SGA TGR - OEM Svc::Y970M12310
,CCX-Procurement / Logist::Y970M12430
,CCX-Sales - Conv::Y970M13010
,CCX-Mexico GT Field Serv::Y970M04030
,CCX-Government Relations::YW80108010
,CCX-Government Relations::YW80M12410
,CCX-Government Relations::YW80M12510
,CCX-Government Relations::YW80M12610
,CCX-Dominion Project::YR08700
,CCX-AEA::YR08701
,CCX-Plant Construction::YR08702
,CCX-AEA Office Expense::YR08704
,CCX-HR::YR08705
,CCX-Accounting::YR08706
,CCX-Legal::YR08707
,CCX-Planning::YR08708
,CCX-SC & Fluor Office::YR08709
,CCX-Misc. Office::YR08710
,CCX-Pittsburgh office::YR08711
,CCX-Pittsburgh Sales::YR08712
,CCX-DC Eng.::YR08714
,CCX-Engineering::YR08715
,CCX-INPO Interface::YR08716
,CCX-TEXAS OFFICE::YR08717
,CCX-FLORIDA OFFICE::YR08718
,CCX-GNEP Project::YR08719
,CCX-Procurement::YR08721
,CCX-VA Office::YR08722
,CCX-Virginia Corporate::YR08723
,CCX-SGA COST POOL::YR08724
,CCX-Quality Assurance::YR08725
,CCX-Projects Management::YR08726
,CCX-Nuclear Services::YR08727
,CCX-Regulatory Services::YR08728
,CCX-IT & DCRM::YR08729
,CCX-SONGS Project::YR08730
,CCX-MHIA-Gov.Relations::YR08731
,CCX-CAR Program::YR08733
,CCX-San Onofre RSG PJ::YR08743
,CCX-San Onofre RVCH PJ::YR08744
,CCX-South Texas RVCH PJ::YR08745
,CCX-PI ST Study::YR08746
,CCX-Allocation::YR0ZZZZ
,CCX-TGR Argentina Sales::X570746010
,CCX-TGR Argentina::X570746030
,CCX-TGR Chile Sales::X580846010
,CCX-TGR Chile FS::X580846030
,CCX-TGR PR::YW10P06030
YW00750010,CCX-SMW Heavy Machining::YW00750010
X870100030,CCX-Corp Office - Compen::X870100030
X870110030,CCX-IT Planning and Stra::X870110030
X870110130,CCX-IT Applications::X870110130
X870110330,CCX-IT Infrastructure::X870110330
X870110530,CCX-IT Service Desk::X870110530
X870120030,CCX-HR Planning and Stra::X870120030
X870120230,CCX-HR Benefits and Comp::X870120230
X870120330,CCX-HR Employee Relation::X870120330
X870120430,CCX-HR Recruiting::X870120430
X870120530,CCX-HR HRIS::X870120530
X870120630,CCX-HR Administration::X870120630
X8701299HC,CCX-Headcount Indirect::X8701299HC
X870130030,CCX-Legal Plan and Strat::X870130030
X870130130,CCX-Legal Litigation::X870130130
X870130230,CCX-Legal Intellect Prop::X870130230
X870130330,CCX-Legal Contracts::X870130330
X870130430,CCX-Legal General Counse::X870130430
X870130630,CCX-Legal Comm Aftermark::X870130630
X870130730,CCX-Legal Comm New Equip::X870130730
X870130830,CCX-Legal Mergers Acquis::X870130830
X870140030,CCX-Compliance Planning::X870140030
X870140130,CCX-Compliance Import Ex::X870140130
X870150030,CCX-RM Planning and Stra::X870150030
X870160030,CCX-IA Planning and Stra::X870160030
X870170030,CCX-Purch Planning and S::X870170030
X870180030,CCX-Acct Finance and Acc::X870180030
X8701010FL,CCX-Allocation-Location::X8701010FL
X870120130,CCX-HR Payroll::X870120130
X870110430,CCX-IT Security::X870110430
X870110230,CCX-IT ERP::X870110230
